{
  
  "utilityMatrix":
  [
    [3,null,null,null,2,2,2,5,null,null],
    [3,4,3,0,3,5,3,null,2,3],
    [3,2,4,2,null,0,3,5,1,0],
    [5,1,3,2,1,2,5,0,5,4],
    [4,null,4,null,3,0,0,null,3,5]
  ],

  
  "similarityMatrix":
  [
    [1,0.9381026756366438,0.9412416106700233,0.6163131486778467,0.7855844048495726],
    [0.9381026756366438,1,0.6777714237004652,0.7839294959021854,0.7248485396311463],
    [0.9412416106700233,0.6777714237004652,1,0.6156135414202034,0.6449940433967712],
    [0.6163131486778467,0.7839294959021854,0.6156135414202034,1,0.7888106377466155],
    [0.7855844048495726,0.7248485396311463,0.6449940433967712,0.7888106377466155,1]
  ],

  "metric":"cosine",
  "predictionMethod":"userBased/collaborativeFiltering/simple",
  "numOfNeighbors":4,
  
  "predictedMatrix":
  [
    [3,2.504833790461013,3.5262720944722905,1.2482119841560186,2,2,2,5,2.51604920419359,2.8060969277213506],
    [3,4,3,0,3,5,3,3.3666798869346293,2,3],
    [3,2,4,2,2.245571212042706,0,3,5,1,0],
    [5,1,3,2,1,2,5,0,5,4],
    [4,2.306156836658807,4,1.3284252119281412,3,0,0,3.222910433495035,3,5]
  ]

}