{
  
  "utilityMatrix":
  [
    [1,3,null,0,1,0,3,null,0,4],
    [4,5,4,4,4,2,3,4,3,1],
    [3,4,2,null,0,5,null,4,null,null],
    [3,null,4,1,null,4,1,null,1,null],
    [4,3,5,4,5,4,null,2,0,3]
  ],

  
  "similarityMatrix":
  [
    [1,0.8061862178478972,0.8198010745334157,0.679284291400159,0.8026137663344013],
    [0.8061862178478972,1,0.9090001295730643,0.9144312328399571,0.9435185266405333],
    [0.8198010745334157,0.9090001295730643,1,0.9686924975427795,0.8801463904806788],
    [0.679284291400159,0.9144312328399571,0.9686924975427795,1,0.9640637980549441],
    [0.8026137663344013,0.9435185266405333,0.8801463904806788,0.9640637980549441,1]
  ],

  "metric":"cosine",
  "predictionMethod":"userBased/collaborativeFiltering/simple",
  "numOfNeighbors":4,
  
  "predictedMatrix":
  [
    [1,3,3.7306887840308445,0,1,0,3,3.3390320213737885,0,4],
    [4,5,4,4,4,2,3,4,3,1],
    [3,4,2,2.2711279973722536,0,5,2.2817833109671275,4,1.0329973924408231,2.6173939305321046],
    [3,3.7933013805711724,4,1,2.5967393703590673,4,1,3.322795714419311,1,2.550556154606702],
    [4,3,5,4,5,4,2.2885652803900265,2,0,3]
  ]

}