{
  
  "utilityMatrix":
  [
    [0,0,2,1,2,5,1,2,1,4,5,0,3,4,1,4,0,4,3,1,3,0,5,2,4],
    [null,1,5,null,2,2,0,3,4,null,4,0,1,2,0,3,1,1,3,2,3,2,1,5,0],
    [3,2,5,4,5,4,3,4,2,0,4,4,0,2,5,3,3,1,3,4,0,2,3,3,0],
    [null,5,1,null,4,1,2,0,1,4,null,5,4,2,2,0,2,2,3,3,3,null,3,5,1],
    [3,5,2,3,4,3,0,4,null,4,0,0,1,4,4,5,5,4,3,2,1,3,0,2,4],
    [3,4,1,3,2,4,5,0,1,3,3,4,0,3,4,1,4,5,1,1,1,3,5,1,5],
    [5,null,2,null,3,1,null,4,3,1,2,4,2,3,3,3,0,2,2,4,4,5,5,3,3],
    [1,2,3,4,4,5,5,3,1,1,4,2,4,5,5,4,1,0,4,3,1,4,4,5,5],
    [1,1,5,1,5,2,0,2,5,0,3,1,3,1,4,1,3,4,5,0,1,1,2,3,2],
    [4,1,4,1,4,3,0,3,0,0,0,3,1,5,5,2,4,4,1,0,1,5,2,null,2]
  ],

  
  "similarityMatrix":
  [
    [0,9.848857801796104,13.19090595827292,11.489125293076057,12.409673645990857,11.661903789690601,11.532562594670797,11,11.269427669584644,13.038404810405298],
    [9.848857801796104,0,9.746794344808963,10.677078252031311,11.269427669584644,14.247806848775006,9.486832980505138,12.041594578792296,8.54400374531753,11.224972160321824],
    [13.19090595827292,9.746794344808963,0,11,11.532562594670797,11.489125293076057,9.486832980505138,9.433981132056603,10.04987562112089,10.04987562112089],
    [11.489125293076057,10.677078252031311,11,0,11.704699910719626,10.392304845413264,8.12403840463596,11.224972160321824,11.180339887498949,11],
    [12.409673645990857,11.269427669584644,11.532562594670797,11.704699910719626,0,11.224972160321824,10.908712114635714,12.12435565298214,10.908712114635714,9.1104335791443],
    [11.661903789690601,14.247806848775006,11.489125293076057,10.392304845413264,11.224972160321824,0,10.246950765959598,11.445523142259598,12.922847983320086,10.63014581273465],
    [11.532562594670797,9.486832980505138,9.486832980505138,8.12403840463596,10.908712114635714,10.246950765959598,0,9.433981132056603,11.489125293076057,9.591663046625438],
    [11,12.041594578792296,9.433981132056603,11.224972160321824,12.12435565298214,11.445523142259598,9.433981132056603,0,12.328828005937952,11.74734012447073],
    [11.269427669584644,8.54400374531753,10.04987562112089,11.180339887498949,10.908712114635714,12.922847983320086,11.489125293076057,12.328828005937952,0,10.295630140987],
    [13.038404810405298,11.224972160321824,10.04987562112089,11,9.1104335791443,10.63014581273465,9.591663046625438,11.74734012447073,10.295630140987,0]
  ],

  "metric":"euclidean",
  "predictionMethod":"userBased/collaborativeFiltering/meanDiff",
  "numOfNeighbors":6,
  
  "predictedMatrix":
  [
    [0,0,2,1,2,5,1,2,1,4,5,0,3,4,1,4,0,4,3,1,3,0,5,2,4],
    [2.230394036502365,1,5,1.8354309178876822,2,2,0,3,4,1.0850176532840756,4,0,1,2,0,3,1,1,3,2,3,2,1,5,0],
    [3,2,5,4,5,4,3,4,2,0,4,4,0,2,5,3,3,1,3,4,0,2,3,3,0],
    [2.5744323140724483,5,1,2.269874583955804,4,1,2,0,1,4,2.744056107184038,5,4,2,2,0,2,2,3,3,3,2.963014826853765,3,5,1],
    [3,5,2,3,4,3,0,4,2.8212122271226745,4,0,0,1,4,4,5,5,4,3,2,1,3,0,2,4],
    [3,4,1,3,2,4,5,0,1,3,3,4,0,3,4,1,4,5,1,1,1,3,5,1,5],
    [5,2.781445445584058,2,2.8875286839615804,3,1,2.8627846606972773,4,3,1,2,4,2,3,3,3,0,2,2,4,4,5,5,3,3],
    [1,2,3,4,4,5,5,3,1,1,4,2,4,5,5,4,1,0,4,3,1,4,4,5,5],
    [1,1,5,1,5,2,0,2,5,0,3,1,3,1,4,1,3,4,5,0,1,1,2,3,2],
    [4,1,4,1,4,3,0,3,0,0,0,3,1,5,5,2,4,4,1,0,1,5,2,2.5167119908156463,2]
  ]

}