{
  
  "utilityMatrix":
  [
    [4,null,null,0,2,null,3,null,0,null],
    [null,4,4,1,1,3,0,null,null,2],
    [2,5,1,2,1,5,5,5,2,0],
    [1,4,1,3,1,null,1,0,0,0],
    [0,3,4,0,0,5,5,4,5,null]
  ],

  
  "similarityMatrix":
  [
    [1,0.4363035840964872,0.6502601910021413,0.3852096887681751,0.42804475822998145],
    [0.4363035840964872,1,0.5307173032009774,0.6360920721112286,0.6542783174588465],
    [0.6502601910021413,0.5307173032009774,1,0.657464716536069,0.7687835674164806],
    [0.3852096887681751,0.6360920721112286,0.657464716536069,1,0.3189111891325785],
    [0.42804475822998145,0.6542783174588465,0.7687835674164806,0.3189111891325785,1]
  ],

  "metric":"pearson",
  "predictionMethod":"userBased/collaborativeFiltering/meanDiff",
  "numOfNeighbors":3,
  
  "predictedMatrix":
  [
    [4,3.310892737820761,1.8762012264748849,0,2,3.5880507777539736,3,2.780766319673019,0,0.20065776570547866],
    [0.7941768966171652,4,4,1,1,3,0,2.756286201683074,2.2412788267680455,2],
    [2,5,1,2,1,5,5,5,2,0],
    [1,4,1,3,1,2.874906891953958,1,0,0,0],
    [0,3,4,0,0,5,5,4,5,1.3757526059954115]
  ]

}